mS_evaluated,theta_evaluated
0.1,3.162277660168379e-7
0.1,1.0e-6
0.1,3.162277660168379e-6
0.1,1.0e-5
0.1,3.1622776601683795e-5
0.1,0.0001
0.1,0.00017782794100389227
0.1,0.00023713737056616554
0.1,0.0002738419634264361
0.1,0.00031622776601683794
0.1,0.00042169650342858224
0.1,0.0005623413251903491
0.1,0.001
0.1,0.0031622776601683794
0.1,0.010000000000000002
0.1,0.03162277660168379
0.1,0.1
0.10205841095574576,0.00023713737056616554
0.10205841095574576,0.0002738419634264361
0.10205841095574576,0.00031622776601683794
0.10415919246811887,0.00017782794100389227
0.10415919246811887,0.00023713737056616554
0.10415919246811887,0.0002738419634264361
0.10415919246811887,0.00031622776601683794
0.10415919246811887,0.00042169650342858224
0.10415919246811887,0.0005623413251903491
0.10630321669729896,0.00023713737056616554
0.10630321669729896,0.0002738419634264361
0.10630321669729896,0.00031622776601683794
0.10849137375610633,0.0001
0.10849137375610633,0.00017782794100389227
0.10849137375610633,0.00023713737056616554
0.10849137375610633,0.0002738419634264361
0.10849137375610633,0.00031622776601683794
0.10849137375610633,0.00042169650342858224
0.10849137375610633,0.0005623413251903491
0.10849137375610633,0.001
0.1107245720795411,0.00023713737056616554
0.1107245720795411,0.0002738419634264361
0.1107245720795411,0.00031622776601683794
0.113003738801929,0.00017782794100389227
0.113003738801929,0.00023713737056616554
0.113003738801929,0.0002738419634264361
0.113003738801929,0.00031622776601683794
0.11532982014183024,0.00023713737056616554
0.11532982014183024,0.0002738419634264361
0.11532982014183024,0.00031622776601683794
0.11770378179487156,3.162277660168379e-7
0.11770378179487156,1.0e-6
0.11770378179487156,3.162277660168379e-6
0.11770378179487156,1.0e-5
0.11770378179487156,3.1622776601683795e-5
0.11770378179487156,0.0001
0.11770378179487156,0.00017782794100389227
0.11770378179487156,0.00023713737056616554
0.11770378179487156,0.0002738419634264361
0.11770378179487156,0.00031622776601683794
0.11770378179487156,0.0005623413251903491
0.11770378179487156,0.001
0.11770378179487156,0.0031622776601683794
0.11770378179487156,0.010000000000000002
0.11770378179487156,0.03162277660168379
0.11770378179487156,0.1
0.12012660933466429,0.00023713737056616554
0.12012660933466429,0.0002738419634264361
0.12012660933466429,0.00031622776601683794
0.12259930862197495,0.00017782794100389227
0.12259930862197495,0.00023713737056616554
0.12259930862197495,0.0002738419634264361
0.12259930862197495,0.00031622776601683794
0.12512290622231825,0.00023713737056616554
0.12512290622231825,0.0002738419634264361
0.12512290622231825,0.00031622776601683794
0.12769844983214595,0.0001
0.12769844983214595,0.00017782794100389227
0.12769844983214595,0.0002053525026457146
0.12769844983214595,0.00023713737056616554
0.12769844983214595,0.0002738419634264361
0.12769844983214595,0.00031622776601683794
0.13032700871380837,0.00017782794100389227
0.13032700871380837,0.0002053525026457146
0.13032700871380837,0.00023713737056616554
0.13032700871380837,0.0002738419634264361
0.13032700871380837,0.00031622776601683794
0.13300967413946913,0.00017782794100389227
0.13300967413946913,0.0002053525026457146
0.13300967413946913,0.00023713737056616554
0.13300967413946913,0.0002738419634264361
0.13300967413946913,0.00031622776601683794
0.1357475598441577,0.00017782794100389227
0.1357475598441577,0.0002053525026457146
0.1357475598441577,0.00023713737056616554
0.1357475598441577,0.0002738419634264361
0.1357475598441577,0.00031622776601683794
0.1385418024881474,3.162277660168379e-7
0.1385418024881474,1.0e-6
0.1385418024881474,3.162277660168379e-6
0.1385418024881474,1.0e-5
0.1385418024881474,3.1622776601683795e-5
0.1385418024881474,0.0001
0.1385418024881474,0.00017782794100389227
0.1385418024881474,0.0002053525026457146
0.1385418024881474,0.00023713737056616554
0.1385418024881474,0.0002738419634264361
0.1385418024881474,0.00031622776601683794
0.1385418024881474,0.001
0.1385418024881474,0.0031622776601683794
0.1385418024881474,0.010000000000000002
0.1385418024881474,0.03162277660168379
0.1385418024881474,0.1
0.1413935621288511,0.00017782794100389227
0.1413935621288511,0.0002053525026457146
0.1413935621288511,0.00023713737056616554
0.1413935621288511,0.0002738419634264361
0.1413935621288511,0.00031622776601683794
0.14430402270243056,0.00017782794100389227
0.14430402270243056,0.0002053525026457146
0.14430402270243056,0.00023713737056616554
0.14430402270243056,0.0002738419634264361
0.14430402270243056,0.00031622776601683794
0.14727439251531924,0.00017782794100389227
0.14727439251531924,0.0002053525026457146
0.14727439251531924,0.00023713737056616554
0.14727439251531924,0.0002738419634264361
0.14727439251531924,0.00031622776601683794
0.1503059047458626,0.0001
0.1503059047458626,0.00017782794100389227
0.1503059047458626,0.0002053525026457146
0.1503059047458626,0.00023713737056616554
0.1503059047458626,0.0002738419634264361
0.1503059047458626,0.00031622776601683794
0.15339981795628424,0.00017782794100389227
0.15339981795628424,0.0002053525026457146
0.15339981795628424,0.00023713737056616554
0.15339981795628424,0.0002738419634264361
0.15339981795628424,0.00031622776601683794
0.15655741661519046,0.00017782794100389227
0.15655741661519046,0.0002053525026457146
0.15655741661519046,0.00023713737056616554
0.15655741661519046,0.0002738419634264361
0.15655741661519046,0.00031622776601683794
0.15978001163083008,0.00017782794100389227
0.15978001163083008,0.0002053525026457146
0.15978001163083008,0.00023713737056616554
0.15978001163083008,0.0002738419634264361
0.15978001163083008,0.00031622776601683794
0.16306894089533097,3.162277660168379e-7
0.16306894089533097,1.0e-6
0.16306894089533097,3.162277660168379e-6
0.16306894089533097,1.0e-5
0.16306894089533097,3.1622776601683795e-5
0.16306894089533097,0.0001
0.16306894089533097,0.00017782794100389227
0.16306894089533097,0.0002053525026457146
0.16306894089533097,0.00023713737056616554
0.16306894089533097,0.0002738419634264361
0.16306894089533097,0.00031622776601683794
0.16306894089533097,0.001
0.16306894089533097,0.0031622776601683794
0.16306894089533097,0.010000000000000002
0.16306894089533097,0.03162277660168379
0.16306894089533097,0.1
0.16642556984013904,0.00017782794100389227
0.16642556984013904,0.0002053525026457146
0.16642556984013904,0.00023713737056616554
0.16642556984013904,0.0002738419634264361
0.16642556984013904,0.00031622776601683794
0.16985129200289079,0.00017782794100389227
0.16985129200289079,0.0002053525026457146
0.16985129200289079,0.00023713737056616554
0.16985129200289079,0.0002738419634264361
0.16985129200289079,0.00031622776601683794
0.17334752960595404,0.00017782794100389227
0.17334752960595404,0.0002053525026457146
0.17334752960595404,0.00023713737056616554
0.17334752960595404,0.0002738419634264361
0.17334752960595404,0.00031622776601683794
0.17691573414687764,0.0001
0.17691573414687764,0.00017782794100389227
0.17691573414687764,0.0002053525026457146
0.17691573414687764,0.00023713737056616554
0.17691573414687764,0.0002738419634264361
0.17691573414687764,0.00031622776601683794
0.18055738700099502,0.00017782794100389227
0.18055738700099502,0.0002053525026457146
0.18055738700099502,0.00023713737056616554
0.18055738700099502,0.0002738419634264361
0.18055738700099502,0.00031622776601683794
0.1842740000364318,0.00017782794100389227
0.1842740000364318,0.0002053525026457146
0.1842740000364318,0.00023713737056616554
0.1842740000364318,0.0002738419634264361
0.1842740000364318,0.00031622776601683794
0.18806711624177266,0.00017782794100389227
0.18806711624177266,0.0002053525026457146
0.18806711624177266,0.00023713737056616554
0.19193831036664843,3.162277660168379e-7
0.19193831036664843,1.0e-6
0.19193831036664843,3.162277660168379e-6
0.19193831036664843,1.0e-5
0.19193831036664843,1.778279410038923e-5
0.19193831036664843,3.1622776601683795e-5
0.19193831036664843,5.623413251903491e-5
0.19193831036664843,0.0001
0.19193831036664843,0.00017782794100389227
0.19193831036664843,0.0002053525026457146
0.19193831036664843,0.00023713737056616554
0.19193831036664843,0.00031622776601683794
0.19193831036664843,0.001
0.19193831036664843,0.0031622776601683794
0.19193831036664843,0.010000000000000002
0.19193831036664843,0.03162277660168379
0.19193831036664843,0.05623413251903491
0.19193831036664843,0.1
0.19588918957550885,0.00017782794100389227
0.19588918957550885,0.0002053525026457146
0.19588918957550885,0.00023713737056616554
0.1999213941148527,0.00017782794100389227
0.1999213941148527,0.0002053525026457146
0.1999213941148527,0.00023713737056616554
0.1999213941148527,0.00031622776601683794
0.20403659799419252,0.00017782794100389227
0.20403659799419252,0.0002053525026457146
0.20403659799419252,0.00023713737056616554
0.20823650968103594,1.0e-5
0.20823650968103594,1.778279410038923e-5
0.20823650968103594,2.3713737056616554e-5
0.20823650968103594,3.1622776601683795e-5
0.20823650968103594,3.651741272548377e-5
0.20823650968103594,4.216965034285822e-5
0.20823650968103594,4.869675251658631e-5
0.20823650968103594,5.623413251903491e-5
0.20823650968103594,6.493816315762113e-5
0.20823650968103594,7.498942093324559e-5
0.20823650968103594,8.659643233600654e-5
0.20823650968103594,0.0001
0.20823650968103594,0.00011547819846894582
0.20823650968103594,0.0001333521432163324
0.20823650968103594,0.0001539926526059492
0.20823650968103594,0.00017782794100389227
0.20823650968103594,0.0002053525026457146
0.20823650968103594,0.00023713737056616554
0.20823650968103594,0.00031622776601683794
0.20823650968103594,0.03162277660168379
0.20823650968103594,0.042169650342858224
0.20823650968103594,0.05623413251903491
0.20823650968103594,0.07498942093324558
0.20823650968103594,0.08659643233600653
0.20823650968103594,0.1
0.21252287281017299,3.1622776601683795e-5
0.21252287281017299,3.651741272548377e-5
0.21252287281017299,4.216965034285822e-5
0.21252287281017299,4.869675251658631e-5
0.21252287281017299,5.623413251903491e-5
0.21252287281017299,6.493816315762113e-5
0.21252287281017299,7.498942093324559e-5
0.21252287281017299,8.659643233600654e-5
0.21252287281017299,0.0001
0.21252287281017299,0.00011547819846894582
0.21252287281017299,0.0001333521432163324
0.21252287281017299,0.0001539926526059492
0.21252287281017299,0.00017782794100389227
0.21252287281017299,0.0002053525026457146
0.21252287281017299,0.00023713737056616554
0.21252287281017299,0.07498942093324558
0.21252287281017299,0.08659643233600653
0.21252287281017299,0.1
0.21689746690756323,1.778279410038923e-5
0.21689746690756323,2.3713737056616554e-5
0.21689746690756323,2.7384196342643615e-5
0.21689746690756323,3.1622776601683795e-5
0.21689746690756323,3.651741272548377e-5
0.21689746690756323,4.216965034285822e-5
0.21689746690756323,4.869675251658631e-5
0.21689746690756323,5.623413251903491e-5
0.21689746690756323,6.493816315762113e-5
0.21689746690756323,7.498942093324559e-5
0.21689746690756323,8.659643233600654e-5
0.21689746690756323,0.0001
0.21689746690756323,0.00011547819846894582
0.21689746690756323,0.0001333521432163324
0.21689746690756323,0.0001539926526059492
0.21689746690756323,0.00017782794100389227
0.21689746690756323,0.0002053525026457146
0.21689746690756323,0.00023713737056616554
0.21689746690756323,0.00031622776601683794
0.21689746690756323,0.03162277660168379
0.21689746690756323,0.03651741272548377
0.21689746690756323,0.042169650342858224
0.21689746690756323,0.04869675251658631
0.21689746690756323,0.05623413251903491
0.21689746690756323,0.06493816315762113
0.21689746690756323,0.07498942093324558
0.21689746690756323,0.08659643233600653
0.21689746690756323,0.1
0.22136210812912357,2.3713737056616554e-5
0.22136210812912357,2.7384196342643615e-5
0.22136210812912357,3.1622776601683795e-5
0.22136210812912357,3.651741272548377e-5
0.22136210812912357,4.216965034285822e-5
0.22136210812912357,4.869675251658631e-5
0.22136210812912357,5.623413251903491e-5
0.22136210812912357,0.03162277660168379
0.22136210812912357,0.03651741272548377
0.22136210812912357,0.042169650342858224
0.22136210812912357,0.04869675251658631
0.22136210812912357,0.05623413251903491
0.22136210812912357,0.06493816315762113
0.22136210812912357,0.07498942093324558
0.22136210812912357,0.08659643233600653
0.22136210812912357,0.1
0.22591865001472325,3.162277660168379e-7
0.22591865001472325,1.0e-6
0.22591865001472325,3.162277660168379e-6
0.22591865001472325,1.0e-5
0.22591865001472325,1.778279410038923e-5
0.22591865001472325,2.0535250264571462e-5
0.22591865001472325,2.3713737056616554e-5
0.22591865001472325,2.7384196342643615e-5
0.22591865001472325,3.1622776601683795e-5
0.22591865001472325,3.651741272548377e-5
0.22591865001472325,4.216965034285822e-5
0.22591865001472325,4.869675251658631e-5
0.22591865001472325,5.623413251903491e-5
0.22591865001472325,7.498942093324559e-5
0.22591865001472325,0.0001
0.22591865001472325,0.0001333521432163324
0.22591865001472325,0.00017782794100389227
0.22591865001472325,0.00023713737056616554
0.22591865001472325,0.00031622776601683794
0.22591865001472325,0.001
0.22591865001472325,0.0031622776601683794
0.22591865001472325,0.010000000000000002
0.22591865001472325,0.01778279410038923
0.22591865001472325,0.023713737056616554
0.22591865001472325,0.027384196342643614
0.22591865001472325,0.03162277660168379
0.22591865001472325,0.03651741272548377
0.22591865001472325,0.042169650342858224
0.22591865001472325,0.04869675251658631
0.22591865001472325,0.05623413251903491
0.22591865001472325,0.06493816315762113
0.22591865001472325,0.07498942093324558
0.22591865001472325,0.08659643233600653
0.22591865001472325,0.1
0.23056898425769923,1.778279410038923e-5
0.23056898425769923,2.0535250264571462e-5
0.23056898425769923,2.3713737056616554e-5
0.23056898425769923,2.7384196342643615e-5
0.23056898425769923,3.1622776601683795e-5
0.23056898425769923,0.023713737056616554
0.23056898425769923,0.027384196342643614
0.23056898425769923,0.03162277660168379
0.23056898425769923,0.03651741272548377
0.23056898425769923,0.042169650342858224
0.23531504149021146,1.778279410038923e-5
0.23531504149021146,2.0535250264571462e-5
0.23531504149021146,2.3713737056616554e-5
0.23531504149021146,2.7384196342643615e-5
0.23531504149021146,3.1622776601683795e-5
0.23531504149021146,0.01778279410038923
0.23531504149021146,0.02053525026457146
0.23531504149021146,0.023713737056616554
0.23531504149021146,0.027384196342643614
0.23531504149021146,0.03162277660168379
0.23531504149021146,0.03651741272548377
0.23531504149021146,0.042169650342858224
0.23531504149021146,0.05623413251903491
0.24015879208476368,1.778279410038923e-5
0.24015879208476368,2.0535250264571462e-5
0.24015879208476368,2.3713737056616554e-5
0.24015879208476368,2.7384196342643615e-5
0.24015879208476368,3.1622776601683795e-5
0.24015879208476368,0.01778279410038923
0.24015879208476368,0.02053525026457146
0.24015879208476368,0.023713737056616554
0.24015879208476368,0.027384196342643614
0.24015879208476368,0.03162277660168379
0.24510224697222316,1.0e-5
0.24510224697222316,1.333521432163324e-5
0.24510224697222316,1.778279410038923e-5
0.24510224697222316,2.0535250264571462e-5
0.24510224697222316,2.3713737056616554e-5
0.24510224697222316,2.7384196342643615e-5
0.24510224697222316,3.1622776601683795e-5
0.24510224697222316,0.010000000000000002
0.24510224697222316,0.01333521432163324
0.24510224697222316,0.01539926526059492
0.24510224697222316,0.01778279410038923
0.24510224697222316,0.02053525026457146
0.24510224697222316,0.023713737056616554
0.24510224697222316,0.027384196342643614
0.24510224697222316,0.03162277660168379
0.24510224697222316,0.042169650342858224
0.24510224697222316,0.05623413251903491
0.24510224697222316,0.1
0.25014745847667846,1.778279410038923e-5
0.25014745847667846,2.0535250264571462e-5
0.25014745847667846,2.3713737056616554e-5
0.25014745847667846,0.01333521432163324
0.25014745847667846,0.01539926526059492
0.25014745847667846,0.01778279410038923
0.25014745847667846,0.02053525026457146
0.25014745847667846,0.023713737056616554
0.25529652116748197,1.0e-5
0.25529652116748197,1.333521432163324e-5
0.25529652116748197,1.539926526059492e-5
0.25529652116748197,1.778279410038923e-5
0.25529652116748197,2.0535250264571462e-5
0.25529652116748197,2.3713737056616554e-5
0.25529652116748197,3.1622776601683795e-5
0.25529652116748197,0.010000000000000002
0.25529652116748197,0.01333521432163324
0.25529652116748197,0.01539926526059492
0.25529652116748197,0.01778279410038923
0.25529652116748197,0.02053525026457146
0.25529652116748197,0.023713737056616554
0.25529652116748197,0.03162277660168379
0.2605515727288312,1.333521432163324e-5
0.2605515727288312,1.539926526059492e-5
0.2605515727288312,1.778279410038923e-5
0.2605515727288312,2.0535250264571462e-5
0.2605515727288312,2.3713737056616554e-5
0.2605515727288312,0.01333521432163324
0.2605515727288312,0.01539926526059492
0.2605515727288312,0.01778279410038923
0.26591479484724945,3.162277660168379e-7
0.26591479484724945,1.0e-6
0.26591479484724945,3.162277660168379e-6
0.26591479484724945,5.623413251903491e-6
0.26591479484724945,1.0e-5
0.26591479484724945,1.333521432163324e-5
0.26591479484724945,1.539926526059492e-5
0.26591479484724945,1.778279410038923e-5
0.26591479484724945,2.0535250264571462e-5
0.26591479484724945,2.3713737056616554e-5
0.26591479484724945,3.1622776601683795e-5
0.26591479484724945,0.0001
0.26591479484724945,0.00031622776601683794
0.26591479484724945,0.001
0.26591479484724945,0.0031622776601683794
0.26591479484724945,0.004216965034285822
0.26591479484724945,0.005623413251903491
0.26591479484724945,0.007498942093324558
0.26591479484724945,0.010000000000000002
0.26591479484724945,0.011547819846894581
0.26591479484724945,0.01333521432163324
0.26591479484724945,0.01539926526059492
0.26591479484724945,0.01778279410038923
0.26591479484724945,0.023713737056616554
0.26591479484724945,0.03162277660168379
0.26591479484724945,0.05623413251903491
0.26591479484724945,0.1
0.2713884141173341,1.333521432163324e-5
0.2713884141173341,1.539926526059492e-5
0.2713884141173341,1.778279410038923e-5
0.2713884141173341,2.0535250264571462e-5
0.2713884141173341,2.3713737056616554e-5
0.2713884141173341,0.010000000000000002
0.2713884141173341,0.011547819846894581
0.2713884141173341,0.01333521432163324
0.2713884141173341,0.01539926526059492
0.2713884141173341,0.01778279410038923
0.27697470296615,1.0e-5
0.27697470296615,1.1547819846894581e-5
0.27697470296615,1.333521432163324e-5
0.27697470296615,1.539926526059492e-5
0.27697470296615,1.778279410038923e-5
0.27697470296615,2.0535250264571462e-5
0.27697470296615,2.3713737056616554e-5
0.27697470296615,3.1622776601683795e-5
0.27697470296615,0.0031622776601683794
0.27697470296615,0.004216965034285822
0.27697470296615,0.004869675251658631
0.27697470296615,0.005623413251903491
0.27697470296615,0.006493816315762113
0.27697470296615,0.007498942093324558
0.27697470296615,0.008659643233600654
0.27697470296615,0.010000000000000002
0.27697470296615,0.011547819846894581
0.27697470296615,0.01333521432163324
0.27697470296615,0.01539926526059492
0.27697470296615,0.01778279410038923
0.2826759805966495,1.0e-5
0.2826759805966495,1.1547819846894581e-5
0.2826759805966495,1.333521432163324e-5
0.2826759805966495,1.539926526059492e-5
0.2826759805966495,1.778279410038923e-5
0.2826759805966495,2.0535250264571462e-5
0.2826759805966495,2.3713737056616554e-5
0.2826759805966495,0.004216965034285822
0.2826759805966495,0.004869675251658631
0.2826759805966495,0.005623413251903491
0.2826759805966495,0.006493816315762113
0.2826759805966495,0.007498942093324558
0.2826759805966495,0.008659643233600654
0.2826759805966495,0.010000000000000002
0.2826759805966495,0.011547819846894581
0.2826759805966495,0.01333521432163324
0.28849461395051273,3.162277660168379e-6
0.28849461395051273,5.623413251903491e-6
0.28849461395051273,7.498942093324558e-6
0.28849461395051273,8.659643233600654e-6
0.28849461395051273,1.0e-5
0.28849461395051273,1.1547819846894581e-5
0.28849461395051273,1.333521432163324e-5
0.28849461395051273,1.539926526059492e-5
0.28849461395051273,1.778279410038923e-5
0.28849461395051273,2.0535250264571462e-5
0.28849461395051273,2.3713737056616554e-5
0.28849461395051273,3.1622776601683795e-5
0.28849461395051273,0.0031622776601683794
0.28849461395051273,0.003651741272548377
0.28849461395051273,0.004216965034285822
0.28849461395051273,0.004869675251658631
0.28849461395051273,0.005623413251903491
0.28849461395051273,0.006493816315762113
0.28849461395051273,0.007498942093324558
0.28849461395051273,0.008659643233600654
0.28849461395051273,0.010000000000000002
0.28849461395051273,0.011547819846894581
0.28849461395051273,0.01333521432163324
0.28849461395051273,0.01778279410038923
0.28849461395051273,0.03162277660168379
0.29443301869080657,7.498942093324558e-6
0.29443301869080657,8.659643233600654e-6
0.29443301869080657,1.0e-5
0.29443301869080657,1.1547819846894581e-5
0.29443301869080657,1.333521432163324e-5
0.29443301869080657,0.0031622776601683794
0.29443301869080657,0.003651741272548377
0.29443301869080657,0.004216965034285822
0.29443301869080657,0.004869675251658631
0.29443301869080657,0.005623413251903491
0.3004936602048711,5.623413251903491e-6
0.3004936602048711,7.498942093324558e-6
0.3004936602048711,8.659643233600654e-6
0.3004936602048711,1.0e-5
0.3004936602048711,1.1547819846894581e-5
0.3004936602048711,1.333521432163324e-5
0.3004936602048711,1.778279410038923e-5
0.3004936602048711,0.0031622776601683794
0.3004936602048711,0.003651741272548377
0.3004936602048711,0.004216965034285822
0.3004936602048711,0.004869675251658631
0.3004936602048711,0.005623413251903491
0.3066790546278496,7.498942093324558e-6
0.3066790546278496,8.659643233600654e-6
0.3066790546278496,1.0e-5
0.3066790546278496,1.1547819846894581e-5
0.3066790546278496,1.333521432163324e-5
0.3066790546278496,0.0031622776601683794
0.3066790546278496,0.003651741272548377
0.3066790546278496,0.004216965034285822
0.31299176988728683,3.162277660168379e-7
0.31299176988728683,1.0e-6
0.31299176988728683,3.162277660168379e-6
0.31299176988728683,5.623413251903491e-6
0.31299176988728683,7.498942093324558e-6
0.31299176988728683,8.659643233600654e-6
0.31299176988728683,1.0e-5
0.31299176988728683,1.1547819846894581e-5
0.31299176988728683,1.333521432163324e-5
0.31299176988728683,1.778279410038923e-5
0.31299176988728683,3.1622776601683795e-5
0.31299176988728683,0.0001
0.31299176988728683,0.00031622776601683794
0.31299176988728683,0.001
0.31299176988728683,0.0017782794100389228
0.31299176988728683,0.0023713737056616554
0.31299176988728683,0.0027384196342643613
0.31299176988728683,0.0031622776601683794
0.31299176988728683,0.003651741272548377
0.31299176988728683,0.004216965034285822
0.31299176988728683,0.005623413251903491
0.31299176988728683,0.010000000000000002
0.31299176988728683,0.01778279410038923
0.31299176988728683,0.03162277660168379
0.31299176988728683,0.1
0.31943442676922934,7.498942093324558e-6
0.31943442676922934,8.659643233600654e-6
0.31943442676922934,1.0e-5
0.31943442676922934,0.0023713737056616554
0.31943442676922934,0.0027384196342643613
0.31943442676922934,0.0031622776601683794
0.31943442676922934,0.003651741272548377
0.31943442676922934,0.004216965034285822
0.32600970000627083,5.623413251903491e-6
0.32600970000627083,7.498942093324558e-6
0.32600970000627083,8.659643233600654e-6
0.32600970000627083,1.0e-5
0.32600970000627083,0.0017782794100389228
0.32600970000627083,0.0023713737056616554
0.32600970000627083,0.0027384196342643613
0.32600970000627083,0.0031622776601683794
0.32600970000627083,0.003651741272548377
0.32600970000627083,0.004216965034285822
0.32600970000627083,0.005623413251903491
0.33272031938799385,7.498942093324558e-6
0.33272031938799385,8.659643233600654e-6
0.33272031938799385,1.0e-5
0.33272031938799385,0.0023713737056616554
0.33272031938799385,0.0027384196342643613
0.33272031938799385,0.0031622776601683794
0.33956907089426863,3.162277660168379e-6
0.33956907089426863,5.623413251903491e-6
0.33956907089426863,7.498942093324558e-6
0.33956907089426863,8.659643233600654e-6
0.33956907089426863,1.0e-5
0.33956907089426863,0.001
0.33956907089426863,0.0017782794100389228
0.33956907089426863,0.002053525026457146
0.33956907089426863,0.0023713737056616554
0.33956907089426863,0.0027384196342643613
0.33956907089426863,0.0031622776601683794
0.33956907089426863,0.004216965034285822
0.33956907089426863,0.005623413251903491
0.33956907089426863,0.010000000000000002
0.3465587978518804,7.498942093324558e-6
0.3465587978518804,8.659643233600654e-6
0.3465587978518804,1.0e-5
0.3465587978518804,0.0017782794100389228
0.3465587978518804,0.002053525026457146
0.3465587978518804,0.0023713737056616554
0.3465587978518804,0.0027384196342643613
0.3465587978518804,0.0031622776601683794
0.35369240211496433,5.623413251903491e-6
0.35369240211496433,6.493816315762113e-6
0.35369240211496433,7.498942093324558e-6
0.35369240211496433,8.659643233600654e-6
0.35369240211496433,1.0e-5
0.35369240211496433,0.0017782794100389228
0.35369240211496433,0.002053525026457146
0.35369240211496433,0.0023713737056616554
0.35369240211496433,0.0027384196342643613
0.35369240211496433,0.0031622776601683794
0.3609728452697391,5.623413251903491e-6
0.3609728452697391,6.493816315762113e-6
0.3609728452697391,7.498942093324558e-6
0.3609728452697391,8.659643233600654e-6
0.3609728452697391,1.0e-5
0.3609728452697391,0.0017782794100389228
0.3609728452697391,0.002053525026457146
0.3609728452697391,0.0023713737056616554
0.3684031498640387,3.162277660168379e-7
0.3684031498640387,1.0e-6
0.3684031498640387,3.162277660168379e-6
0.3684031498640387,5.623413251903491e-6
0.3684031498640387,6.493816315762113e-6
0.3684031498640387,7.498942093324558e-6
0.3684031498640387,8.659643233600654e-6
0.3684031498640387,1.0e-5
0.3684031498640387,3.1622776601683795e-5
0.3684031498640387,0.0001
0.3684031498640387,0.00031622776601683794
0.3684031498640387,0.001
0.3684031498640387,0.001333521432163324
0.3684031498640387,0.0017782794100389228
0.3684031498640387,0.002053525026457146
0.3684031498640387,0.0023713737056616554
0.3684031498640387,0.0031622776601683794
0.3684031498640387,0.005623413251903491
0.3684031498640387,0.010000000000000002
0.3684031498640387,0.03162277660168379
0.3684031498640387,0.1
0.37598640066215255,5.623413251903491e-6
0.37598640066215255,6.493816315762113e-6
0.37598640066215255,7.498942093324558e-6
0.37598640066215255,8.659643233600654e-6
0.37598640066215255,1.0e-5
0.37598640066215255,0.0017782794100389228
0.37598640066215255,0.002053525026457146
0.37598640066215255,0.0023713737056616554
0.3837257459254965,5.623413251903491e-6
0.3837257459254965,6.493816315762113e-6
0.3837257459254965,7.498942093324558e-6
0.3837257459254965,8.659643233600654e-6
0.3837257459254965,1.0e-5
0.3837257459254965,0.001
0.3837257459254965,0.001333521432163324
0.3837257459254965,0.001539926526059492
0.3837257459254965,0.0017782794100389228
0.3837257459254965,0.002053525026457146
0.3837257459254965,0.0023713737056616554
0.3837257459254965,0.0031622776601683794
0.3916243987196441,5.623413251903491e-6
0.3916243987196441,6.493816315762113e-6
0.3916243987196441,7.498942093324558e-6
0.3916243987196441,8.659643233600654e-6
0.3916243987196441,1.0e-5
0.3916243987196441,0.001333521432163324
0.3916243987196441,0.001539926526059492
0.3916243987196441,0.0017782794100389228
0.3916243987196441,0.002053525026457146
0.3916243987196441,0.0023713737056616554
0.39968563824826275,3.162277660168379e-6
0.39968563824826275,5.623413251903491e-6
0.39968563824826275,6.493816315762113e-6
0.39968563824826275,7.498942093324558e-6
0.39968563824826275,8.659643233600654e-6
0.39968563824826275,1.0e-5
0.39968563824826275,0.001
0.39968563824826275,0.001333521432163324
0.39968563824826275,0.001539926526059492
0.39968563824826275,0.0017782794100389228
0.39968563824826275,0.002053525026457146
0.39968563824826275,0.0023713737056616554
0.39968563824826275,0.0031622776601683794
0.4079128112145074,5.623413251903491e-6
0.4079128112145074,6.493816315762113e-6
0.4079128112145074,7.498942093324558e-6
0.4079128112145074,0.001333521432163324
0.4079128112145074,0.001539926526059492
0.4079128112145074,0.0017782794100389228
0.41630933321043734,5.623413251903491e-6
0.41630933321043734,6.493816315762113e-6
0.41630933321043734,7.498942093324558e-6
0.41630933321043734,1.0e-5
0.41630933321043734,0.001
0.41630933321043734,0.001333521432163324
0.41630933321043734,0.001539926526059492
0.41630933321043734,0.0017782794100389228
0.42487869013503315,5.623413251903491e-6
0.42487869013503315,6.493816315762113e-6
0.42487869013503315,7.498942093324558e-6
0.42487869013503315,0.001333521432163324
0.42487869013503315,0.001539926526059492
0.42487869013503315,0.0017782794100389228
0.4336244396414018,3.162277660168379e-7
0.4336244396414018,1.0e-6
0.4336244396414018,3.162277660168379e-6
0.4336244396414018,4.216965034285822e-6
0.4336244396414018,5.623413251903491e-6
0.4336244396414018,6.493816315762113e-6
0.4336244396414018,7.498942093324558e-6
0.4336244396414018,1.0e-5
0.4336244396414018,3.1622776601683795e-5
0.4336244396414018,0.0001
0.4336244396414018,0.00031622776601683794
0.4336244396414018,0.001
0.4336244396414018,0.0011547819846894581
0.4336244396414018,0.001333521432163324
0.4336244396414018,0.001539926526059492
0.4336244396414018,0.0017782794100389228
0.4336244396414018,0.0031622776601683794
0.4336244396414018,0.010000000000000002
0.4336244396414018,0.03162277660168379
0.4336244396414018,0.1
0.4425502126137716,5.623413251903491e-6
0.4425502126137716,6.493816315762113e-6
0.4425502126137716,7.498942093324558e-6
0.4425502126137716,0.001
0.4425502126137716,0.0011547819846894581
0.4425502126137716,0.001333521432163324
0.4425502126137716,0.001539926526059492
0.4425502126137716,0.0017782794100389228
0.4516597146748897,3.162277660168379e-6
0.4516597146748897,4.216965034285822e-6
0.4516597146748897,4.869675251658631e-6
0.4516597146748897,5.623413251903491e-6
0.4516597146748897,6.493816315762113e-6
0.4516597146748897,7.498942093324558e-6
0.4516597146748897,1.0e-5
0.4516597146748897,0.001
0.4516597146748897,0.0011547819846894581
0.4516597146748897,0.001333521432163324
0.4516597146748897,0.001539926526059492
0.4516597146748897,0.0017782794100389228
0.4609567277244477,4.216965034285822e-6
0.4609567277244477,4.869675251658631e-6
0.4609567277244477,5.623413251903491e-6
0.4609567277244477,6.493816315762113e-6
0.4609567277244477,7.498942093324558e-6
0.4609567277244477,0.001
0.4609567277244477,0.0011547819846894581
0.4609567277244477,0.001333521432163324
0.4704451115091749,3.162277660168379e-6
0.4704451115091749,4.216965034285822e-6
0.4704451115091749,4.869675251658631e-6
0.4704451115091749,5.623413251903491e-6
0.4704451115091749,6.493816315762113e-6
0.4704451115091749,7.498942093324558e-6
0.4704451115091749,1.0e-5
0.4704451115091749,0.001
0.4704451115091749,0.0011547819846894581
0.4704451115091749,0.001333521432163324
0.4704451115091749,0.0017782794100389228
0.4704451115091749,0.0031622776601683794
0.48012880522525014,4.216965034285822e-6
0.48012880522525014,4.869675251658631e-6
0.48012880522525014,5.623413251903491e-6
0.48012880522525014,6.493816315762113e-6
0.48012880522525014,7.498942093324558e-6
0.48012880522525014,0.001
0.48012880522525014,0.0011547819846894581
0.48012880522525014,0.001333521432163324
0.49001182915369795,3.162277660168379e-6
0.49001182915369795,4.216965034285822e-6
0.49001182915369795,4.869675251658631e-6
0.49001182915369795,5.623413251903491e-6
0.49001182915369795,6.493816315762113e-6
0.49001182915369795,7.498942093324558e-6
0.49001182915369795,1.0e-5
0.49001182915369795,0.001
0.49001182915369795,0.0011547819846894581
0.49001182915369795,0.001333521432163324
0.49001182915369795,0.0017782794100389228
0.500098286329448,4.216965034285822e-6
0.500098286329448,4.869675251658631e-6
0.500098286329448,5.623413251903491e-6
0.500098286329448,6.493816315762113e-6
0.500098286329448,7.498942093324558e-6
0.500098286329448,0.001
0.500098286329448,0.0011547819846894581
0.500098286329448,0.001333521432163324
0.5103923642447501,3.162277660168379e-7
0.5103923642447501,1.0e-6
0.5103923642447501,3.162277660168379e-6
0.5103923642447501,4.216965034285822e-6
0.5103923642447501,4.869675251658631e-6
0.5103923642447501,5.623413251903491e-6
0.5103923642447501,6.493816315762113e-6
0.5103923642447501,7.498942093324558e-6
0.5103923642447501,1.0e-5
0.5103923642447501,3.1622776601683795e-5
0.5103923642447501,0.0001
0.5103923642447501,0.00031622776601683794
0.5103923642447501,0.0005623413251903491
0.5103923642447501,0.0007498942093324559
0.5103923642447501,0.0008659643233600654
0.5103923642447501,0.001
0.5103923642447501,0.0011547819846894581
0.5103923642447501,0.001333521432163324
0.5103923642447501,0.0017782794100389228
0.5103923642447501,0.0031622776601683794
0.5103923642447501,0.010000000000000002
0.5103923642447501,0.03162277660168379
0.5103923642447501,0.1
0.5208983365876539,4.216965034285822e-6
0.5208983365876539,4.869675251658631e-6
0.5208983365876539,5.623413251903491e-6
0.5208983365876539,6.493816315762113e-6
0.5208983365876539,7.498942093324558e-6
0.5208983365876539,0.0007498942093324559
0.5208983365876539,0.0008659643233600654
0.5208983365876539,0.001
0.5208983365876539,0.0011547819846894581
0.5208983365876539,0.001333521432163324
0.5316205650162716,3.162277660168379e-6
0.5316205650162716,4.216965034285822e-6
0.5316205650162716,4.869675251658631e-6
0.5316205650162716,5.623413251903491e-6
0.5316205650162716,6.493816315762113e-6
0.5316205650162716,7.498942093324558e-6
0.5316205650162716,1.0e-5
0.5316205650162716,0.0005623413251903491
0.5316205650162716,0.0007498942093324559
0.5316205650162716,0.0008659643233600654
0.5316205650162716,0.001
0.5316205650162716,0.0011547819846894581
0.5316205650162716,0.001333521432163324
0.5316205650162716,0.0017782794100389228
0.5425635009695642,4.216965034285822e-6
0.5425635009695642,4.869675251658631e-6
0.5425635009695642,5.623413251903491e-6
0.5425635009695642,6.493816315762113e-6
0.5425635009695642,7.498942093324558e-6
0.5425635009695642,0.0007498942093324559
0.5425635009695642,0.0008659643233600654
0.5425635009695642,0.001
0.5537316875153995,3.162277660168379e-6
0.5537316875153995,4.216965034285822e-6
0.5537316875153995,4.869675251658631e-6
0.5537316875153995,5.623413251903491e-6
0.5537316875153995,6.493816315762113e-6
0.5537316875153995,7.498942093324558e-6
0.5537316875153995,1.0e-5
0.5537316875153995,0.00031622776601683794
0.5537316875153995,0.0005623413251903491
0.5537316875153995,0.0007498942093324559
0.5537316875153995,0.0008659643233600654
0.5537316875153995,0.001
0.5537316875153995,0.001333521432163324
0.5537316875153995,0.0017782794100389228
0.5537316875153995,0.0031622776601683794
0.5651297612366524,4.216965034285822e-6
0.5651297612366524,4.869675251658631e-6
0.5651297612366524,5.623413251903491e-6
0.5651297612366524,0.0007498942093324559
0.5651297612366524,0.0008659643233600654
0.5651297612366524,0.001
0.5767624541561275,3.162277660168379e-6
0.5767624541561275,4.216965034285822e-6
0.5767624541561275,4.869675251658631e-6
0.5767624541561275,5.623413251903491e-6
0.5767624541561275,7.498942093324558e-6
0.5767624541561275,1.0e-5
0.5767624541561275,0.0005623413251903491
0.5767624541561275,0.0006493816315762113
0.5767624541561275,0.0007498942093324559
0.5767624541561275,0.0008659643233600654
0.5767624541561275,0.001
0.5886345957011054,4.216965034285822e-6
0.5886345957011054,4.869675251658631e-6
0.5886345957011054,5.623413251903491e-6
0.5886345957011054,0.0005623413251903491
0.5886345957011054,0.0006493816315762113
0.5886345957011054,0.0007498942093324559
0.5886345957011054,0.0008659643233600654
0.5886345957011054,0.001
0.6007511147083268,3.162277660168379e-7
0.6007511147083268,1.0e-6
0.6007511147083268,3.162277660168379e-6
0.6007511147083268,4.216965034285822e-6
0.6007511147083268,4.869675251658631e-6
0.6007511147083268,5.623413251903491e-6
0.6007511147083268,7.498942093324558e-6
0.6007511147083268,1.0e-5
0.6007511147083268,3.1622776601683795e-5
0.6007511147083268,0.0001
0.6007511147083268,0.00031622776601683794
0.6007511147083268,0.0005623413251903491
0.6007511147083268,0.0006493816315762113
0.6007511147083268,0.0007498942093324559
0.6007511147083268,0.0008659643233600654
0.6007511147083268,0.001
0.6007511147083268,0.0017782794100389228
0.6007511147083268,0.0031622776601683794
0.6007511147083268,0.010000000000000002
0.6007511147083268,0.03162277660168379
0.6007511147083268,0.1
0.6131170414702478,4.216965034285822e-6
0.6131170414702478,4.869675251658631e-6
0.6131170414702478,5.623413251903491e-6
0.6131170414702478,0.0005623413251903491
0.6131170414702478,0.0006493816315762113
0.6131170414702478,0.0007498942093324559
0.6131170414702478,0.0008659643233600654
0.6131170414702478,0.001
0.6257375098234157,3.162277660168379e-6
0.6257375098234157,3.651741272548377e-6
0.6257375098234157,4.216965034285822e-6
0.6257375098234157,4.869675251658631e-6
0.6257375098234157,5.623413251903491e-6
0.6257375098234157,0.0005623413251903491
0.6257375098234157,0.0006493816315762113
0.6257375098234157,0.0007498942093324559
0.6257375098234157,0.0008659643233600654
0.6257375098234157,0.001
0.6386177592798317,3.162277660168379e-6
0.6386177592798317,3.651741272548377e-6
0.6386177592798317,4.216965034285822e-6
0.6386177592798317,4.869675251658631e-6
0.6386177592798317,5.623413251903491e-6
0.6386177592798317,0.0005623413251903491
0.6386177592798317,0.0006493816315762113
0.6386177592798317,0.0007498942093324559
0.6517631372021859,3.162277660168379e-6
0.6517631372021859,3.651741272548377e-6
0.6517631372021859,4.216965034285822e-6
0.6517631372021859,4.869675251658631e-6
0.6517631372021859,5.623413251903491e-6
0.6517631372021859,1.0e-5
0.6517631372021859,0.00031622776601683794
0.6517631372021859,0.00042169650342858224
0.6517631372021859,0.0005623413251903491
0.6517631372021859,0.0006493816315762113
0.6517631372021859,0.0007498942093324559
0.6517631372021859,0.001
0.665179101023868,3.162277660168379e-6
0.665179101023868,3.651741272548377e-6
0.665179101023868,4.216965034285822e-6
0.665179101023868,4.869675251658631e-6
0.665179101023868,5.623413251903491e-6
0.665179101023868,0.0005623413251903491
0.665179101023868,0.0006493816315762113
0.665179101023868,0.0007498942093324559
0.6788712205146745,3.162277660168379e-6
0.6788712205146745,3.651741272548377e-6
0.6788712205146745,4.216965034285822e-6
0.6788712205146745,4.869675251658631e-6
0.6788712205146745,5.623413251903491e-6
0.6788712205146745,0.00031622776601683794
0.6788712205146745,0.00042169650342858224
0.6788712205146745,0.0004869675251658631
0.6788712205146745,0.0005623413251903491
0.6788712205146745,0.0006493816315762113
0.6788712205146745,0.0007498942093324559
0.6788712205146745,0.001
0.6928451800931535,3.162277660168379e-6
0.6928451800931535,3.651741272548377e-6
0.6928451800931535,4.216965034285822e-6
0.6928451800931535,4.869675251658631e-6
0.6928451800931535,5.623413251903491e-6
0.6928451800931535,0.00042169650342858224
0.6928451800931535,0.0004869675251658631
0.6928451800931535,0.0005623413251903491
0.6928451800931535,0.0006493816315762113
0.6928451800931535,0.0007498942093324559
0.7071067811865476,3.162277660168379e-7
0.7071067811865476,1.0e-6
0.7071067811865476,3.162277660168379e-6
0.7071067811865476,3.651741272548377e-6
0.7071067811865476,4.216965034285822e-6
0.7071067811865476,4.869675251658631e-6
0.7071067811865476,5.623413251903491e-6
0.7071067811865476,1.0e-5
0.7071067811865476,3.1622776601683795e-5
0.7071067811865476,0.0001
0.7071067811865476,0.00031622776601683794
0.7071067811865476,0.00042169650342858224
0.7071067811865476,0.0004869675251658631
0.7071067811865476,0.0005623413251903491
0.7071067811865476,0.0006493816315762113
0.7071067811865476,0.0007498942093324559
0.7071067811865476,0.001
0.7071067811865476,0.0031622776601683794
0.7071067811865476,0.010000000000000002
0.7071067811865476,0.03162277660168379
0.7071067811865476,0.1
0.7216619446393128,3.162277660168379e-6
0.7216619446393128,3.651741272548377e-6
0.7216619446393128,4.216965034285822e-6
0.7216619446393128,4.869675251658631e-6
0.7216619446393128,5.623413251903491e-6
0.7216619446393128,0.00042169650342858224
0.7216619446393128,0.0004869675251658631
0.7216619446393128,0.0005623413251903491
0.7365167131712163,3.162277660168379e-6
0.7365167131712163,3.651741272548377e-6
0.7365167131712163,4.216965034285822e-6
0.7365167131712163,4.869675251658631e-6
0.7365167131712163,5.623413251903491e-6
0.7365167131712163,0.00031622776601683794
0.7365167131712163,0.00042169650342858224
0.7365167131712163,0.0004869675251658631
0.7365167131712163,0.0005623413251903491
0.7516772538860312,3.162277660168379e-6
0.7516772538860312,3.651741272548377e-6
0.7516772538860312,4.216965034285822e-6
0.7516772538860312,4.869675251658631e-6
0.7516772538860312,5.623413251903491e-6
0.7516772538860312,0.00042169650342858224
0.7516772538860312,0.0004869675251658631
0.7516772538860312,0.0005623413251903491
0.7671498608318703,3.162277660168379e-6
0.7671498608318703,3.651741272548377e-6
0.7671498608318703,4.216965034285822e-6
0.7671498608318703,4.869675251658631e-6
0.7671498608318703,5.623413251903491e-6
0.7671498608318703,1.0e-5
0.7671498608318703,0.00031622776601683794
0.7671498608318703,0.0003651741272548377
0.7671498608318703,0.00042169650342858224
0.7671498608318703,0.0004869675251658631
0.7671498608318703,0.0005623413251903491
0.7671498608318703,0.001
0.7829409576142219,3.162277660168379e-6
0.7829409576142219,3.651741272548377e-6
0.7829409576142219,4.216965034285822e-6
0.7829409576142219,0.00031622776601683794
0.7829409576142219,0.0003651741272548377
0.7829409576142219,0.00042169650342858224
0.7829409576142219,0.0004869675251658631
0.7829409576142219,0.0005623413251903491
0.7990571000627739,3.162277660168379e-6
0.7990571000627739,3.651741272548377e-6
0.7990571000627739,4.216965034285822e-6
0.7990571000627739,5.623413251903491e-6
0.7990571000627739,0.00031622776601683794
0.7990571000627739,0.0003651741272548377
0.7990571000627739,0.00042169650342858224
0.7990571000627739,0.0004869675251658631
0.7990571000627739,0.0005623413251903491
0.8155049789531305,3.162277660168379e-6
0.8155049789531305,3.651741272548377e-6
0.8155049789531305,4.216965034285822e-6
0.8155049789531305,0.00031622776601683794
0.8155049789531305,0.0003651741272548377
0.8155049789531305,0.00042169650342858224
0.8322914227845539,3.162277660168379e-7
0.8322914227845539,1.0e-6
0.8322914227845539,1.778279410038923e-6
0.8322914227845539,2.3713737056616552e-6
0.8322914227845539,2.7384196342643613e-6
0.8322914227845539,3.162277660168379e-6
0.8322914227845539,3.651741272548377e-6
0.8322914227845539,4.216965034285822e-6
0.8322914227845539,5.623413251903491e-6
0.8322914227845539,1.0e-5
0.8322914227845539,3.1622776601683795e-5
0.8322914227845539,0.0001
0.8322914227845539,0.00017782794100389227
0.8322914227845539,0.00023713737056616554
0.8322914227845539,0.0002738419634264361
0.8322914227845539,0.00031622776601683794
0.8322914227845539,0.0003651741272548377
0.8322914227845539,0.00042169650342858224
0.8322914227845539,0.0005623413251903491
0.8322914227845539,0.001
0.8322914227845539,0.0031622776601683794
0.8322914227845539,0.010000000000000002
0.8322914227845539,0.03162277660168379
0.8322914227845539,0.1
0.8494234006148835,2.3713737056616552e-6
0.8494234006148835,2.7384196342643613e-6
0.8494234006148835,3.162277660168379e-6
0.8494234006148835,3.651741272548377e-6
0.8494234006148835,4.216965034285822e-6
0.8494234006148835,0.00023713737056616554
0.8494234006148835,0.0002738419634264361
0.8494234006148835,0.00031622776601683794
0.8494234006148835,0.0003651741272548377
0.8494234006148835,0.00042169650342858224
0.8669080249538086,1.778279410038923e-6
0.8669080249538086,2.3713737056616552e-6
0.8669080249538086,2.7384196342643613e-6
0.8669080249538086,3.162277660168379e-6
0.8669080249538086,3.651741272548377e-6
0.8669080249538086,4.216965034285822e-6
0.8669080249538086,5.623413251903491e-6
0.8669080249538086,0.00017782794100389227
0.8669080249538086,0.00023713737056616554
0.8669080249538086,0.0002738419634264361
0.8669080249538086,0.00031622776601683794
0.8669080249538086,0.0003651741272548377
0.8669080249538086,0.00042169650342858224
0.8669080249538086,0.0005623413251903491
0.884752554715697,2.3713737056616552e-6
0.884752554715697,2.7384196342643613e-6
0.884752554715697,3.162277660168379e-6
0.884752554715697,3.651741272548377e-6
0.884752554715697,4.216965034285822e-6
0.884752554715697,0.00023713737056616554
0.884752554715697,0.0002738419634264361
0.884752554715697,0.00031622776601683794
0.9029643982332055,1.0e-6
0.9029643982332055,1.778279410038923e-6
0.9029643982332055,2.3713737056616552e-6
0.9029643982332055,2.7384196342643613e-6
0.9029643982332055,3.162277660168379e-6
0.9029643982332055,3.651741272548377e-6
0.9029643982332055,4.216965034285822e-6
0.9029643982332055,5.623413251903491e-6
0.9029643982332055,1.0e-5
0.9029643982332055,0.0001
0.9029643982332055,0.0001333521432163324
0.9029643982332055,0.00017782794100389227
0.9029643982332055,0.0002053525026457146
0.9029643982332055,0.00023713737056616554
0.9029643982332055,0.0002738419634264361
0.9029643982332055,0.00031622776601683794
0.9029643982332055,0.00042169650342858224
0.9029643982332055,0.0005623413251903491
0.9029643982332055,0.001
0.9215511163329216,2.3713737056616552e-6
0.9215511163329216,2.7384196342643613e-6
0.9215511163329216,3.162277660168379e-6
0.9215511163329216,0.00017782794100389227
0.9215511163329216,0.0002053525026457146
0.9215511163329216,0.00023713737056616554
0.9215511163329216,0.0002738419634264361
0.9215511163329216,0.00031622776601683794
0.9405204254743159,1.778279410038923e-6
0.9405204254743159,2.053525026457146e-6
0.9405204254743159,2.3713737056616552e-6
0.9405204254743159,2.7384196342643613e-6
0.9405204254743159,3.162277660168379e-6
0.9405204254743159,0.0001
0.9405204254743159,0.00011547819846894582
0.9405204254743159,0.0001333521432163324
0.9405204254743159,0.0001539926526059492
0.9405204254743159,0.00017782794100389227
0.9405204254743159,0.0002053525026457146
0.9405204254743159,0.00023713737056616554
0.9405204254743159,0.0002738419634264361
0.9405204254743159,0.00031622776601683794
0.959880200953306,1.778279410038923e-6
0.959880200953306,2.053525026457146e-6
0.959880200953306,2.3713737056616552e-6
0.959880200953306,2.7384196342643613e-6
0.959880200953306,3.162277660168379e-6
0.959880200953306,0.0001
0.959880200953306,0.00011547819846894582
0.959880200953306,0.0001333521432163324
0.959880200953306,0.0001539926526059492
0.959880200953306,0.00017782794100389227
0.959880200953306,0.0002053525026457146
0.959880200953306,0.00023713737056616554
0.9796384801717634,3.162277660168379e-7
0.9796384801717634,1.0e-6
0.9796384801717634,1.778279410038923e-6
0.9796384801717634,2.053525026457146e-6
0.9796384801717634,2.3713737056616552e-6
0.9796384801717634,2.7384196342643613e-6
0.9796384801717634,3.162277660168379e-6
0.9796384801717634,5.623413251903491e-6
0.9796384801717634,1.0e-5
0.9796384801717634,3.1622776601683795e-5
0.9796384801717634,0.0001
0.9796384801717634,0.00011547819846894582
0.9796384801717634,0.0001333521432163324
0.9796384801717634,0.0001539926526059492
0.9796384801717634,0.00017782794100389227
0.9796384801717634,0.0002053525026457146
0.9796384801717634,0.00023713737056616554
0.9796384801717634,0.00031622776601683794
0.9796384801717634,0.0005623413251903491
0.9796384801717634,0.001
0.9796384801717634,0.0031622776601683794
0.9796384801717634,0.010000000000000002
0.9796384801717634,0.03162277660168379
0.9796384801717634,0.1
0.9998034659743202,1.778279410038923e-6
0.9998034659743202,2.053525026457146e-6
0.9998034659743202,2.3713737056616552e-6
0.9998034659743202,2.7384196342643613e-6
0.9998034659743202,3.162277660168379e-6
0.9998034659743202,0.0001
0.9998034659743202,0.00011547819846894582
0.9998034659743202,0.0001333521432163324
0.9998034659743202,0.0001539926526059492
0.9998034659743202,0.00017782794100389227
1.0203835300538615,1.778279410038923e-6
1.0203835300538615,2.053525026457146e-6
1.0203835300538615,2.3713737056616552e-6
1.0203835300538615,2.7384196342643613e-6
1.0203835300538615,3.162277660168379e-6
1.0203835300538615,0.0001
1.0203835300538615,0.00011547819846894582
1.0203835300538615,0.0001333521432163324
1.0203835300538615,0.0001539926526059492
1.0203835300538615,0.00017782794100389227
1.0203835300538615,0.0002053525026457146
1.0203835300538615,0.00023713737056616554
1.0203835300538615,0.00031622776601683794
1.0413872164271156,1.778279410038923e-6
1.0413872164271156,2.053525026457146e-6
1.0413872164271156,2.3713737056616552e-6
1.0413872164271156,2.7384196342643613e-6
1.0413872164271156,3.162277660168379e-6
1.0413872164271156,0.0001333521432163324
1.0413872164271156,0.0001539926526059492
1.0413872164271156,0.00017782794100389227
1.0413872164271156,0.0002053525026457146
1.0413872164271156,0.00023713737056616554
1.0628232449817874,1.0e-6
1.0628232449817874,1.778279410038923e-6
1.0628232449817874,2.053525026457146e-6
1.0628232449817874,2.3713737056616552e-6
1.0628232449817874,2.7384196342643613e-6
1.0628232449817874,3.162277660168379e-6
1.0628232449817874,0.0001
1.0628232449817874,0.0001333521432163324
1.0628232449817874,0.0001539926526059492
1.0628232449817874,0.00017782794100389227
1.0628232449817874,0.0002053525026457146
1.0628232449817874,0.00023713737056616554
1.0628232449817874,0.00031622776601683794
1.084700515096705,2.3713737056616552e-6
1.084700515096705,2.7384196342643613e-6
1.084700515096705,3.162277660168379e-6
1.084700515096705,0.00017782794100389227
1.084700515096705,0.0002053525026457146
1.084700515096705,0.00023713737056616554
1.1070281093364864,1.778279410038923e-6
1.1070281093364864,2.3713737056616552e-6
1.1070281093364864,2.7384196342643613e-6
1.1070281093364864,3.162277660168379e-6
1.1070281093364864,0.00017782794100389227
1.1070281093364864,0.0002053525026457146
1.1070281093364864,0.00023713737056616554
1.1070281093364864,0.0002738419634264361
1.1070281093364864,0.00031622776601683794
1.129815297222254,2.3713737056616552e-6
1.129815297222254,2.7384196342643613e-6
1.129815297222254,3.162277660168379e-6
1.129815297222254,0.00017782794100389227
1.129815297222254,0.0002053525026457146
1.129815297222254,0.00023713737056616554
1.129815297222254,0.0002738419634264361
1.129815297222254,0.00031622776601683794
1.1530715390799686,3.162277660168379e-7
1.1530715390799686,1.0e-6
1.1530715390799686,1.778279410038923e-6
1.1530715390799686,2.3713737056616552e-6
1.1530715390799686,2.7384196342643613e-6
1.1530715390799686,3.162277660168379e-6
1.1530715390799686,3.651741272548377e-6
1.1530715390799686,4.216965034285822e-6
1.1530715390799686,5.623413251903491e-6
1.1530715390799686,1.0e-5
1.1530715390799686,3.1622776601683795e-5
1.1530715390799686,0.0001
1.1530715390799686,0.00017782794100389227
1.1530715390799686,0.0002053525026457146
1.1530715390799686,0.00023713737056616554
1.1530715390799686,0.0002738419634264361
1.1530715390799686,0.00031622776601683794
1.1530715390799686,0.001
1.1530715390799686,0.0031622776601683794
1.1530715390799686,0.010000000000000002
1.1530715390799686,0.03162277660168379
1.1530715390799686,0.1
1.1768064899679769,2.3713737056616552e-6
1.1768064899679769,2.7384196342643613e-6
1.1768064899679769,3.162277660168379e-6
1.1768064899679769,3.651741272548377e-6
1.1768064899679769,4.216965034285822e-6
1.1768064899679769,0.00023713737056616554
1.1768064899679769,0.0002738419634264361
1.1768064899679769,0.00031622776601683794
1.2010300036854051,1.778279410038923e-6
1.2010300036854051,2.3713737056616552e-6
1.2010300036854051,2.7384196342643613e-6
1.2010300036854051,3.162277660168379e-6
1.2010300036854051,3.651741272548377e-6
1.2010300036854051,4.216965034285822e-6
1.2010300036854051,5.623413251903491e-6
1.2010300036854051,0.00017782794100389227
1.2010300036854051,0.00023713737056616554
1.2010300036854051,0.0002738419634264361
1.2010300036854051,0.00031622776601683794
1.2257521368630593,2.3713737056616552e-6
1.2257521368630593,2.7384196342643613e-6
1.2257521368630593,3.162277660168379e-6
1.2257521368630593,3.651741272548377e-6
1.2257521368630593,4.216965034285822e-6
1.2257521368630593,0.00023713737056616554
1.2257521368630593,0.0002738419634264361
1.2257521368630593,0.00031622776601683794
1.2509831531385363,1.0e-6
1.2509831531385363,1.778279410038923e-6
1.2509831531385363,2.3713737056616552e-6
1.2509831531385363,2.7384196342643613e-6
1.2509831531385363,3.162277660168379e-6
1.2509831531385363,3.651741272548377e-6
1.2509831531385363,4.216965034285822e-6
1.2509831531385363,5.623413251903491e-6
1.2509831531385363,1.0e-5
1.2509831531385363,0.0001
1.2509831531385363,0.00017782794100389227
1.2509831531385363,0.0002053525026457146
1.2509831531385363,0.00023713737056616554
1.2509831531385363,0.0002738419634264361
1.2509831531385363,0.00031622776601683794
1.2767335274172738,2.3713737056616552e-6
1.2767335274172738,2.7384196342643613e-6
1.2767335274172738,3.162277660168379e-6
1.2767335274172738,0.00017782794100389227
1.2767335274172738,0.0002053525026457146
1.2767335274172738,0.00023713737056616554
1.2767335274172738,0.0002738419634264361
1.2767335274172738,0.00031622776601683794
1.3030139502213105,1.778279410038923e-6
1.3030139502213105,2.3713737056616552e-6
1.3030139502213105,2.7384196342643613e-6
1.3030139502213105,3.162277660168379e-6
1.3030139502213105,4.216965034285822e-6
1.3030139502213105,5.623413251903491e-6
1.3030139502213105,0.00017782794100389227
1.3030139502213105,0.0002053525026457146
1.3030139502213105,0.00023713737056616554
1.3030139502213105,0.0002738419634264361
1.3030139502213105,0.00031622776601683794
1.3298353321275616,2.3713737056616552e-6
1.3298353321275616,2.7384196342643613e-6
1.3298353321275616,3.162277660168379e-6
1.3298353321275616,0.00017782794100389227
1.3298353321275616,0.0002053525026457146
1.3298353321275616,0.00023713737056616554
1.3572088082974534,3.162277660168379e-7
1.3572088082974534,1.0e-6
1.3572088082974534,1.778279410038923e-6
1.3572088082974534,2.3713737056616552e-6
1.3572088082974534,2.7384196342643613e-6
1.3572088082974534,3.162277660168379e-6
1.3572088082974534,4.216965034285822e-6
1.3572088082974534,5.623413251903491e-6
1.3572088082974534,1.0e-5
1.3572088082974534,3.1622776601683795e-5
1.3572088082974534,0.0001
1.3572088082974534,0.00017782794100389227
1.3572088082974534,0.0002053525026457146
1.3572088082974534,0.00023713737056616554
1.3572088082974534,0.00031622776601683794
1.3572088082974534,0.001
1.3572088082974534,0.0031622776601683794
1.3572088082974534,0.010000000000000002
1.3572088082974534,0.03162277660168379
1.3572088082974534,0.1
1.3851457430997949,2.3713737056616552e-6
1.3851457430997949,2.7384196342643613e-6
1.3851457430997949,3.162277660168379e-6
1.3851457430997949,0.00017782794100389227
1.3851457430997949,0.0002053525026457146
1.3851457430997949,0.00023713737056616554
1.413657734828807,1.778279410038923e-6
1.413657734828807,2.3713737056616552e-6
1.413657734828807,2.7384196342643613e-6
1.413657734828807,3.162277660168379e-6
1.413657734828807,0.00017782794100389227
1.413657734828807,0.0002053525026457146
1.413657734828807,0.00023713737056616554
1.413657734828807,0.00031622776601683794
1.4427566205192708,2.3713737056616552e-6
1.4427566205192708,2.7384196342643613e-6
1.4427566205192708,3.162277660168379e-6
1.4427566205192708,0.00017782794100389227
1.4427566205192708,0.0002053525026457146
1.4427566205192708,0.00023713737056616554
1.472454480860787,1.0e-6
1.472454480860787,1.778279410038923e-6
1.472454480860787,2.3713737056616552e-6
1.472454480860787,2.7384196342643613e-6
1.472454480860787,3.162277660168379e-6
1.472454480860787,0.0001
1.472454480860787,0.00017782794100389227
1.472454480860787,0.0002053525026457146
1.472454480860787,0.00023713737056616554
1.472454480860787,0.00031622776601683794
1.5027636452131947,2.3713737056616552e-6
1.5027636452131947,2.7384196342643613e-6
1.5027636452131947,3.162277660168379e-6
1.5027636452131947,0.00017782794100389227
1.5027636452131947,0.0002053525026457146
1.5027636452131947,0.00023713737056616554
1.5336966967252277,1.778279410038923e-6
1.5336966967252277,2.3713737056616552e-6
1.5336966967252277,2.7384196342643613e-6
1.5336966967252277,3.162277660168379e-6
1.5336966967252277,0.00017782794100389227
1.5336966967252277,0.0002053525026457146
1.5336966967252277,0.00023713737056616554
1.5336966967252277,0.00031622776601683794
1.5652664775585308,2.3713737056616552e-6
1.5652664775585308,2.7384196342643613e-6
1.5652664775585308,3.162277660168379e-6
1.5652664775585308,0.00017782794100389227
1.5652664775585308,0.0002053525026457146
1.5652664775585308,0.00023713737056616554
1.5974860942192113,3.162277660168379e-7
1.5974860942192113,1.0e-6
1.5974860942192113,1.778279410038923e-6
1.5974860942192113,2.3713737056616552e-6
1.5974860942192113,2.7384196342643613e-6
1.5974860942192113,3.162277660168379e-6
1.5974860942192113,1.0e-5
1.5974860942192113,3.1622776601683795e-5
1.5974860942192113,0.0001
1.5974860942192113,0.00017782794100389227
1.5974860942192113,0.0002053525026457146
1.5974860942192113,0.00023713737056616554
1.5974860942192113,0.00031622776601683794
1.5974860942192113,0.001
1.5974860942192113,0.0031622776601683794
1.5974860942192113,0.010000000000000002
1.5974860942192113,0.03162277660168379
1.5974860942192113,0.1
1.6303689229991347,2.3713737056616552e-6
1.6303689229991347,2.7384196342643613e-6
1.6303689229991347,3.162277660168379e-6
1.6303689229991347,0.00017782794100389227
1.6303689229991347,0.0002053525026457146
1.6303689229991347,0.00023713737056616554
1.6639286155292232,1.778279410038923e-6
1.6639286155292232,2.3713737056616552e-6
1.6639286155292232,2.7384196342643613e-6
1.6639286155292232,3.162277660168379e-6
1.6639286155292232,0.00017782794100389227
1.6639286155292232,0.0002053525026457146
1.6639286155292232,0.00023713737056616554
1.6639286155292232,0.00031622776601683794
1.6981791044470655,2.3713737056616552e-6
1.6981791044470655,2.7384196342643613e-6
1.6981791044470655,3.162277660168379e-6
1.6981791044470655,0.00017782794100389227
1.6981791044470655,0.0002053525026457146
1.6981791044470655,0.00023713737056616554
1.7331346091811894,1.0e-6
1.7331346091811894,1.778279410038923e-6
1.7331346091811894,2.053525026457146e-6
1.7331346091811894,2.3713737056616552e-6
1.7331346091811894,2.7384196342643613e-6
1.7331346091811894,3.162277660168379e-6
1.7331346091811894,0.0001
1.7331346091811894,0.0001333521432163324
1.7331346091811894,0.0001539926526059492
1.7331346091811894,0.00017782794100389227
1.7331346091811894,0.0002053525026457146
1.7331346091811894,0.00023713737056616554
1.7331346091811894,0.00031622776601683794
1.7688096418543966,1.778279410038923e-6
1.7688096418543966,2.053525026457146e-6
1.7688096418543966,2.3713737056616552e-6
1.7688096418543966,2.7384196342643613e-6
1.7688096418543966,3.162277660168379e-6
1.7688096418543966,0.0001333521432163324
1.7688096418543966,0.0001539926526059492
1.7688096418543966,0.00017782794100389227
1.7688096418543966,0.0002053525026457146
1.7688096418543966,0.00023713737056616554
1.805219013308615,1.778279410038923e-6
1.805219013308615,2.053525026457146e-6
1.805219013308615,2.3713737056616552e-6
1.805219013308615,2.7384196342643613e-6
1.805219013308615,3.162277660168379e-6
1.805219013308615,0.0001
1.805219013308615,0.0001333521432163324
1.805219013308615,0.0001539926526059492
1.805219013308615,0.00017782794100389227
1.805219013308615,0.0002053525026457146
1.805219013308615,0.00023713737056616554
1.805219013308615,0.00031622776601683794
1.842377839253765,1.778279410038923e-6
1.842377839253765,2.053525026457146e-6
1.842377839253765,2.3713737056616552e-6
1.842377839253765,2.7384196342643613e-6
1.842377839253765,3.162277660168379e-6
1.842377839253765,0.0001333521432163324
1.842377839253765,0.0001539926526059492
1.842377839253765,0.00017782794100389227
1.842377839253765,0.0002053525026457146
1.842377839253765,0.00023713737056616554
1.880301546543197,3.162277660168379e-7
1.880301546543197,1.0e-6
1.880301546543197,1.778279410038923e-6
1.880301546543197,2.053525026457146e-6
1.880301546543197,2.3713737056616552e-6
1.880301546543197,2.7384196342643613e-6
1.880301546543197,3.162277660168379e-6
1.880301546543197,1.0e-5
1.880301546543197,3.1622776601683795e-5
1.880301546543197,0.0001
1.880301546543197,0.0001333521432163324
1.880301546543197,0.0001539926526059492
1.880301546543197,0.00017782794100389227
1.880301546543197,0.0002053525026457146
1.880301546543197,0.00023713737056616554
1.880301546543197,0.00031622776601683794
1.880301546543197,0.001
1.880301546543197,0.0031622776601683794
1.880301546543197,0.010000000000000002
1.880301546543197,0.03162277660168379
1.880301546543197,0.1
1.9190058795782994,1.778279410038923e-6
1.9190058795782994,2.053525026457146e-6
1.9190058795782994,2.3713737056616552e-6
1.9190058795782994,2.7384196342643613e-6
1.9190058795782994,3.162277660168379e-6
1.9190058795782994,0.0001333521432163324
1.9190058795782994,0.0001539926526059492
1.9190058795782994,0.00017782794100389227
1.9585069068449446,1.778279410038923e-6
1.9585069068449446,2.053525026457146e-6
1.9585069068449446,2.3713737056616552e-6
1.9585069068449446,2.7384196342643613e-6
1.9585069068449446,3.162277660168379e-6
1.9585069068449446,0.0001
1.9585069068449446,0.0001333521432163324
1.9585069068449446,0.0001539926526059492
1.9585069068449446,0.00017782794100389227
1.9988210275844784,1.778279410038923e-6
1.9988210275844784,2.053525026457146e-6
1.9988210275844784,2.3713737056616552e-6
1.9988210275844784,2.7384196342643613e-6
1.9988210275844784,3.162277660168379e-6
1.9988210275844784,0.0001333521432163324
1.9988210275844784,0.0001539926526059492
1.9988210275844784,0.00017782794100389227
2.0399649786020273,1.0e-6
2.0399649786020273,1.778279410038923e-6
2.0399649786020273,2.053525026457146e-6
2.0399649786020273,2.3713737056616552e-6
2.0399649786020273,2.7384196342643613e-6
2.0399649786020273,3.162277660168379e-6
2.0399649786020273,0.0001
2.0399649786020273,0.0001333521432163324
2.0399649786020273,0.0001539926526059492
2.0399649786020273,0.00017782794100389227
2.0399649786020273,0.00031622776601683794
2.0819558412149486,1.778279410038923e-6
2.0819558412149486,2.053525026457146e-6
2.0819558412149486,2.3713737056616552e-6
2.0819558412149486,2.7384196342643613e-6
2.0819558412149486,3.162277660168379e-6
2.0819558412149486,0.0001333521432163324
2.0819558412149486,0.0001539926526059492
2.0819558412149486,0.00017782794100389227
2.124811048344306,1.778279410038923e-6
2.124811048344306,2.053525026457146e-6
2.124811048344306,2.3713737056616552e-6
2.124811048344306,2.7384196342643613e-6
2.124811048344306,3.162277660168379e-6
2.124811048344306,0.0001
2.124811048344306,0.00011547819846894582
2.124811048344306,0.0001333521432163324
2.124811048344306,0.0001539926526059492
2.124811048344306,0.00017782794100389227
2.1685483917523216,1.778279410038923e-6
2.1685483917523216,2.053525026457146e-6
2.1685483917523216,2.3713737056616552e-6
2.1685483917523216,2.7384196342643613e-6
2.1685483917523216,3.162277660168379e-6
2.1685483917523216,0.0001
2.1685483917523216,0.00011547819846894582
2.1685483917523216,0.0001333521432163324
2.1685483917523216,0.0001539926526059492
2.1685483917523216,0.00017782794100389227
2.2131860294288,3.162277660168379e-7
2.2131860294288,1.0e-6
2.2131860294288,1.778279410038923e-6
2.2131860294288,2.053525026457146e-6
2.2131860294288,2.3713737056616552e-6
2.2131860294288,2.7384196342643613e-6
2.2131860294288,3.162277660168379e-6
2.2131860294288,1.0e-5
2.2131860294288,3.1622776601683795e-5
2.2131860294288,5.623413251903491e-5
2.2131860294288,0.0001
2.2131860294288,0.00011547819846894582
2.2131860294288,0.0001333521432163324
2.2131860294288,0.0001539926526059492
2.2131860294288,0.00017782794100389227
2.2131860294288,0.00031622776601683794
2.2131860294288,0.001
2.2131860294288,0.0031622776601683794
2.2131860294288,0.010000000000000002
2.2131860294288,0.03162277660168379
2.2131860294288,0.1
2.2587424931295974,1.778279410038923e-6
2.2587424931295974,2.053525026457146e-6
2.2587424931295974,2.3713737056616552e-6
2.2587424931295974,2.7384196342643613e-6
2.2587424931295974,3.162277660168379e-6
2.2587424931295974,0.0001
2.2587424931295974,0.00011547819846894582
2.2587424931295974,0.0001333521432163324
2.305236696070262,1.778279410038923e-6
2.305236696070262,2.053525026457146e-6
2.305236696070262,2.3713737056616552e-6
2.305236696070262,2.7384196342643613e-6
2.305236696070262,3.162277660168379e-6
2.305236696070262,0.0001
2.305236696070262,0.00011547819846894582
2.305236696070262,0.0001333521432163324
2.305236696070262,0.00017782794100389227
2.3526879407780443,1.778279410038923e-6
2.3526879407780443,2.053525026457146e-6
2.3526879407780443,2.3713737056616552e-6
2.3526879407780443,2.7384196342643613e-6
2.3526879407780443,3.162277660168379e-6
2.3526879407780443,0.0001
2.3526879407780443,0.00011547819846894582
2.3526879407780443,0.0001333521432163324
2.401115927105529,1.0e-6
2.401115927105529,1.778279410038923e-6
2.401115927105529,2.053525026457146e-6
2.401115927105529,2.3713737056616552e-6
2.401115927105529,2.7384196342643613e-6
2.401115927105529,3.162277660168379e-6
2.401115927105529,3.1622776601683795e-5
2.401115927105529,5.623413251903491e-5
2.401115927105529,7.498942093324559e-5
2.401115927105529,0.0001
2.401115927105529,0.00011547819846894582
2.401115927105529,0.0001333521432163324
2.401115927105529,0.00017782794100389227
2.401115927105529,0.00031622776601683794
2.4505407604092255,1.778279410038923e-6
2.4505407604092255,2.053525026457146e-6
2.4505407604092255,2.3713737056616552e-6
2.4505407604092255,2.7384196342643613e-6
2.4505407604092255,3.162277660168379e-6
2.4505407604092255,0.0001
2.4505407604092255,0.00011547819846894582
2.4505407604092255,0.0001333521432163324
2.500982959896505,1.778279410038923e-6
2.500982959896505,2.053525026457146e-6
2.500982959896505,2.3713737056616552e-6
2.500982959896505,2.7384196342643613e-6
2.500982959896505,3.162277660168379e-6
2.500982959896505,5.623413251903491e-5
2.500982959896505,7.498942093324559e-5
2.500982959896505,8.659643233600654e-5
2.500982959896505,0.0001
2.500982959896505,0.00011547819846894582
2.500982959896505,0.0001333521432163324
2.500982959896505,0.00017782794100389227
2.5524634671443494,1.778279410038923e-6
2.5524634671443494,2.053525026457146e-6
2.5524634671443494,2.3713737056616552e-6
2.5524634671443494,2.7384196342643613e-6
2.5524634671443494,3.162277660168379e-6
2.5524634671443494,7.498942093324559e-5
2.5524634671443494,8.659643233600654e-5
2.5524634671443494,0.0001
2.5524634671443494,0.00011547819846894582
2.5524634671443494,0.0001333521432163324
2.605003654793457,3.162277660168379e-7
2.605003654793457,1.0e-6
2.605003654793457,1.778279410038923e-6
2.605003654793457,2.053525026457146e-6
2.605003654793457,2.3713737056616552e-6
2.605003654793457,2.7384196342643613e-6
2.605003654793457,3.162277660168379e-6
2.605003654793457,1.0e-5
2.605003654793457,3.1622776601683795e-5
2.605003654793457,5.623413251903491e-5
2.605003654793457,7.498942093324559e-5
2.605003654793457,8.659643233600654e-5
2.605003654793457,0.0001
2.605003654793457,0.00011547819846894582
2.605003654793457,0.0001333521432163324
2.605003654793457,0.00017782794100389227
2.605003654793457,0.00031622776601683794
2.605003654793457,0.001
2.605003654793457,0.0031622776601683794
2.605003654793457,0.010000000000000002
2.605003654793457,0.03162277660168379
2.605003654793457,0.1
2.658625335421303,1.778279410038923e-6
2.658625335421303,2.053525026457146e-6
2.658625335421303,2.3713737056616552e-6
2.658625335421303,7.498942093324559e-5
2.658625335421303,8.659643233600654e-5
2.658625335421303,0.0001
2.713350770597848,1.778279410038923e-6
2.713350770597848,2.053525026457146e-6
2.713350770597848,2.3713737056616552e-6
2.713350770597848,3.162277660168379e-6
2.713350770597848,5.623413251903491e-5
2.713350770597848,7.498942093324559e-5
2.713350770597848,8.659643233600654e-5
2.713350770597848,0.0001
2.769202680127646,1.778279410038923e-6
2.769202680127646,2.053525026457146e-6
2.769202680127646,2.3713737056616552e-6
2.769202680127646,7.498942093324559e-5
2.769202680127646,8.659643233600654e-5
2.769202680127646,0.0001
2.8262042514821992,1.0e-6
2.8262042514821992,1.333521432163324e-6
2.8262042514821992,1.778279410038923e-6
2.8262042514821992,2.053525026457146e-6
2.8262042514821992,2.3713737056616552e-6
2.8262042514821992,3.162277660168379e-6
2.8262042514821992,3.1622776601683795e-5
2.8262042514821992,5.623413251903491e-5
2.8262042514821992,7.498942093324559e-5
2.8262042514821992,8.659643233600654e-5
2.8262042514821992,0.0001
2.8843791494264615,1.778279410038923e-6
2.8843791494264615,2.053525026457146e-6
2.8843791494264615,2.3713737056616552e-6
2.8843791494264615,7.498942093324559e-5
2.8843791494264615,8.659643233600654e-5
2.8843791494264615,0.0001
2.9437515258435023,1.0e-6
2.9437515258435023,1.333521432163324e-6
2.9437515258435023,1.778279410038923e-6
2.9437515258435023,2.053525026457146e-6
2.9437515258435023,2.3713737056616552e-6
2.9437515258435023,3.162277660168379e-6
2.9437515258435023,5.623413251903491e-5
2.9437515258435023,6.493816315762113e-5
2.9437515258435023,7.498942093324559e-5
2.9437515258435023,8.659643233600654e-5
2.9437515258435023,0.0001
3.004346029761398,1.778279410038923e-6
3.004346029761398,2.053525026457146e-6
3.004346029761398,2.3713737056616552e-6
3.004346029761398,5.623413251903491e-5
3.004346029761398,6.493816315762113e-5
3.004346029761398,7.498942093324559e-5
3.004346029761398,8.659643233600654e-5
3.004346029761398,0.0001
3.06618781758652,3.162277660168379e-7
3.06618781758652,1.0e-6
3.06618781758652,1.333521432163324e-6
3.06618781758652,1.539926526059492e-6
3.06618781758652,1.778279410038923e-6
3.06618781758652,2.053525026457146e-6
3.06618781758652,2.3713737056616552e-6
3.06618781758652,3.162277660168379e-6
3.06618781758652,1.0e-5
3.06618781758652,3.1622776601683795e-5
3.06618781758652,5.623413251903491e-5
3.06618781758652,6.493816315762113e-5
3.06618781758652,7.498942093324559e-5
3.06618781758652,8.659643233600654e-5
3.06618781758652,0.0001
3.06618781758652,0.00031622776601683794
3.06618781758652,0.001
3.06618781758652,0.0031622776601683794
3.06618781758652,0.010000000000000002
3.06618781758652,0.03162277660168379
3.06618781758652,0.1
3.129302563547463,1.333521432163324e-6
3.129302563547463,1.539926526059492e-6
3.129302563547463,1.778279410038923e-6
3.129302563547463,2.053525026457146e-6
3.129302563547463,2.3713737056616552e-6
3.129302563547463,5.623413251903491e-5
3.129302563547463,6.493816315762113e-5
3.129302563547463,7.498942093324559e-5
3.1937164703539573,1.0e-6
3.1937164703539573,1.333521432163324e-6
3.1937164703539573,1.539926526059492e-6
3.1937164703539573,1.778279410038923e-6
3.1937164703539573,2.053525026457146e-6
3.1937164703539573,2.3713737056616552e-6
3.1937164703539573,3.162277660168379e-6
3.1937164703539573,5.623413251903491e-5
3.1937164703539573,6.493816315762113e-5
3.1937164703539573,7.498942093324559e-5
3.1937164703539573,0.0001
3.25945628007518,1.333521432163324e-6
3.25945628007518,1.539926526059492e-6
3.25945628007518,1.778279410038923e-6
3.25945628007518,2.053525026457146e-6
3.25945628007518,2.3713737056616552e-6
3.25945628007518,5.623413251903491e-5
3.25945628007518,6.493816315762113e-5
3.25945628007518,7.498942093324559e-5
3.3265492852419913,1.0e-6
3.3265492852419913,1.333521432163324e-6
3.3265492852419913,1.539926526059492e-6
3.3265492852419913,1.778279410038923e-6
3.3265492852419913,2.053525026457146e-6
3.3265492852419913,2.3713737056616552e-6
3.3265492852419913,3.162277660168379e-6
3.3265492852419913,3.1622776601683795e-5
3.3265492852419913,4.216965034285822e-5
3.3265492852419913,4.869675251658631e-5
3.3265492852419913,5.623413251903491e-5
3.3265492852419913,6.493816315762113e-5
3.3265492852419913,7.498942093324559e-5
3.3265492852419913,0.0001
3.395023340177695,1.333521432163324e-6
3.395023340177695,1.539926526059492e-6
3.395023340177695,1.778279410038923e-6
3.395023340177695,2.053525026457146e-6
3.395023340177695,2.3713737056616552e-6
3.395023340177695,4.216965034285822e-5
3.395023340177695,4.869675251658631e-5
3.395023340177695,5.623413251903491e-5
3.395023340177695,6.493816315762113e-5
3.395023340177695,7.498942093324559e-5
3.4649068725620387,1.0e-6
3.4649068725620387,1.333521432163324e-6
3.4649068725620387,1.539926526059492e-6
3.4649068725620387,1.778279410038923e-6
3.4649068725620387,2.053525026457146e-6
3.4649068725620387,2.3713737056616552e-6
3.4649068725620387,3.162277660168379e-6
3.4649068725620387,3.1622776601683795e-5
3.4649068725620387,4.216965034285822e-5
3.4649068725620387,4.869675251658631e-5
3.4649068725620387,5.623413251903491e-5
3.4649068725620387,6.493816315762113e-5
3.4649068725620387,7.498942093324559e-5
3.4649068725620387,0.0001
3.5362288952332435,1.333521432163324e-6
3.5362288952332435,1.539926526059492e-6
3.5362288952332435,1.778279410038923e-6
3.5362288952332435,2.053525026457146e-6
3.5362288952332435,2.3713737056616552e-6
3.5362288952332435,4.216965034285822e-5
3.5362288952332435,4.869675251658631e-5
3.5362288952332435,5.623413251903491e-5
3.609019018232972,3.162277660168379e-7
3.609019018232972,1.0e-6
3.609019018232972,1.333521432163324e-6
3.609019018232972,1.539926526059492e-6
3.609019018232972,1.778279410038923e-6
3.609019018232972,2.053525026457146e-6
3.609019018232972,2.3713737056616552e-6
3.609019018232972,3.162277660168379e-6
3.609019018232972,1.0e-5
3.609019018232972,1.778279410038923e-5
3.609019018232972,2.3713737056616554e-5
3.609019018232972,3.1622776601683795e-5
3.609019018232972,3.651741272548377e-5
3.609019018232972,4.216965034285822e-5
3.609019018232972,4.869675251658631e-5
3.609019018232972,5.623413251903491e-5
3.609019018232972,7.498942093324559e-5
3.609019018232972,0.0001
3.609019018232972,0.00031622776601683794
3.609019018232972,0.001
3.609019018232972,0.0031622776601683794
3.609019018232972,0.010000000000000002
3.609019018232972,0.03162277660168379
3.609019018232972,0.1
3.6833074610992282,1.333521432163324e-6
3.6833074610992282,1.539926526059492e-6
3.6833074610992282,1.778279410038923e-6
3.6833074610992282,2.053525026457146e-6
3.6833074610992282,2.3713737056616552e-6
3.6833074610992282,3.1622776601683795e-5
3.6833074610992282,3.651741272548377e-5
3.6833074610992282,4.216965034285822e-5
3.6833074610992282,4.869675251658631e-5
3.6833074610992282,5.623413251903491e-5
3.759125065412296,1.0e-6
3.759125065412296,1.1547819846894582e-6
3.759125065412296,1.333521432163324e-6
3.759125065412296,1.539926526059492e-6
3.759125065412296,1.778279410038923e-6
3.759125065412296,2.053525026457146e-6
3.759125065412296,2.3713737056616552e-6
3.759125065412296,3.162277660168379e-6
3.759125065412296,1.778279410038923e-5
3.759125065412296,2.3713737056616554e-5
3.759125065412296,2.7384196342643615e-5
3.759125065412296,3.1622776601683795e-5
3.759125065412296,3.651741272548377e-5
3.759125065412296,4.216965034285822e-5
3.759125065412296,4.869675251658631e-5
3.759125065412296,5.623413251903491e-5
3.836503307598928,1.0e-6
3.836503307598928,1.1547819846894582e-6
3.836503307598928,1.333521432163324e-6
3.836503307598928,1.539926526059492e-6
3.836503307598928,1.778279410038923e-6
3.836503307598928,2.3713737056616554e-5
3.836503307598928,2.7384196342643615e-5
3.836503307598928,3.1622776601683795e-5
3.836503307598928,3.651741272548377e-5
3.836503307598928,4.216965034285822e-5
3.915474312000093,1.0e-6
3.915474312000093,1.1547819846894582e-6
3.915474312000093,1.333521432163324e-6
3.915474312000093,1.539926526059492e-6
3.915474312000093,1.778279410038923e-6
3.915474312000093,2.3713737056616552e-6
3.915474312000093,3.162277660168379e-6
3.915474312000093,1.0e-5
3.915474312000093,1.778279410038923e-5
3.915474312000093,2.0535250264571462e-5
3.915474312000093,2.3713737056616554e-5
3.915474312000093,2.7384196342643615e-5
3.915474312000093,3.1622776601683795e-5
3.915474312000093,3.651741272548377e-5
3.915474312000093,4.216965034285822e-5
3.915474312000093,5.623413251903491e-5
3.915474312000093,0.0001
3.9960708642077143,1.0e-6
3.9960708642077143,1.1547819846894582e-6
3.9960708642077143,1.333521432163324e-6
3.9960708642077143,1.539926526059492e-6
3.9960708642077143,1.778279410038923e-6
3.9960708642077143,1.778279410038923e-5
3.9960708642077143,2.0535250264571462e-5
3.9960708642077143,2.3713737056616554e-5
3.9960708642077143,2.7384196342643615e-5
3.9960708642077143,3.1622776601683795e-5
4.0783264246759305,1.0e-6
4.0783264246759305,1.1547819846894582e-6
4.0783264246759305,1.333521432163324e-6
4.0783264246759305,1.539926526059492e-6
4.0783264246759305,1.778279410038923e-6
4.0783264246759305,1.778279410038923e-5
4.0783264246759305,2.0535250264571462e-5
4.0783264246759305,2.3713737056616554e-5
4.0783264246759305,2.7384196342643615e-5
4.0783264246759305,3.1622776601683795e-5
4.162275142612534,1.0e-6
4.162275142612534,1.1547819846894582e-6
4.162275142612534,1.333521432163324e-6
4.162275142612534,1.539926526059492e-6
4.162275142612534,1.778279410038923e-6
4.162275142612534,1.778279410038923e-5
4.162275142612534,2.0535250264571462e-5
4.162275142612534,2.3713737056616554e-5
4.247951870156354,3.162277660168379e-7
4.247951870156354,1.0e-6
4.247951870156354,1.1547819846894582e-6
4.247951870156354,1.333521432163324e-6
4.247951870156354,1.539926526059492e-6
4.247951870156354,1.778279410038923e-6
4.247951870156354,3.162277660168379e-6
4.247951870156354,5.623413251903491e-6
4.247951870156354,1.0e-5
4.247951870156354,1.333521432163324e-5
4.247951870156354,1.539926526059492e-5
4.247951870156354,1.778279410038923e-5
4.247951870156354,2.0535250264571462e-5
4.247951870156354,2.3713737056616554e-5
4.247951870156354,3.1622776601683795e-5
4.247951870156354,5.623413251903491e-5
4.247951870156354,0.0001
4.247951870156354,0.00031622776601683794
4.247951870156354,0.001
4.247951870156354,0.0031622776601683794
4.247951870156354,0.010000000000000002
4.247951870156354,0.03162277660168379
4.247951870156354,0.1
4.33539217684646,1.0e-6
4.33539217684646,1.1547819846894582e-6
4.33539217684646,1.333521432163324e-6
4.33539217684646,1.333521432163324e-5
4.33539217684646,1.539926526059492e-5
4.33539217684646,1.778279410038923e-5
4.33539217684646,2.0535250264571462e-5
4.33539217684646,2.3713737056616554e-5
4.424632364389212,1.0e-6
4.424632364389212,1.1547819846894582e-6
4.424632364389212,1.333521432163324e-6
4.424632364389212,1.778279410038923e-6
4.424632364389212,1.0e-5
4.424632364389212,1.1547819846894581e-5
4.424632364389212,1.333521432163324e-5
4.424632364389212,1.539926526059492e-5
4.424632364389212,1.778279410038923e-5
4.424632364389212,2.0535250264571462e-5
4.424632364389212,2.3713737056616554e-5
4.424632364389212,3.1622776601683795e-5
4.515709481729273,1.0e-6
4.515709481729273,1.1547819846894582e-6
4.515709481729273,1.333521432163324e-6
4.515709481729273,1.0e-5
4.515709481729273,1.1547819846894581e-5
4.515709481729273,1.333521432163324e-5
4.515709481729273,1.539926526059492e-5
4.515709481729273,1.778279410038923e-5
4.608661340430838,1.0e-6
4.608661340430838,1.1547819846894582e-6
4.608661340430838,1.333521432163324e-6
4.608661340430838,1.539926526059492e-6
4.608661340430838,1.778279410038923e-6
4.608661340430838,2.053525026457146e-6
4.608661340430838,2.3713737056616552e-6
4.608661340430838,2.7384196342643613e-6
4.608661340430838,3.162277660168379e-6
4.608661340430838,3.651741272548377e-6
4.608661340430838,4.216965034285822e-6
4.608661340430838,4.869675251658631e-6
4.608661340430838,5.623413251903491e-6
4.608661340430838,6.493816315762113e-6
4.608661340430838,7.498942093324558e-6
4.608661340430838,8.659643233600654e-6
4.608661340430838,1.0e-5
4.608661340430838,1.1547819846894581e-5
4.608661340430838,1.333521432163324e-5
4.608661340430838,1.539926526059492e-5
4.608661340430838,1.778279410038923e-5
4.608661340430838,2.3713737056616554e-5
4.608661340430838,3.1622776601683795e-5
4.703526530375487,1.0e-6
4.703526530375487,1.1547819846894582e-6
4.703526530375487,1.333521432163324e-6
4.703526530375487,1.539926526059492e-6
4.703526530375487,1.778279410038923e-6
4.703526530375487,2.053525026457146e-6
4.703526530375487,2.3713737056616552e-6
4.703526530375487,2.7384196342643613e-6
4.703526530375487,3.162277660168379e-6
4.703526530375487,3.651741272548377e-6
4.703526530375487,4.216965034285822e-6
4.703526530375487,4.869675251658631e-6
4.703526530375487,5.623413251903491e-6
4.703526530375487,6.493816315762113e-6
4.703526530375487,7.498942093324558e-6
4.703526530375487,8.659643233600654e-6
4.703526530375487,1.0e-5
4.703526530375487,1.1547819846894581e-5
4.703526530375487,1.333521432163324e-5
4.800344435783145,1.0e-6
4.800344435783145,1.1547819846894582e-6
4.800344435783145,1.333521432163324e-6
4.800344435783145,1.539926526059492e-6
4.800344435783145,1.778279410038923e-6
4.800344435783145,2.053525026457146e-6
4.800344435783145,2.3713737056616552e-6
4.800344435783145,2.7384196342643613e-6
4.800344435783145,3.162277660168379e-6
4.800344435783145,3.651741272548377e-6
4.800344435783145,4.216965034285822e-6
4.800344435783145,4.869675251658631e-6
4.800344435783145,5.623413251903491e-6
4.800344435783145,6.493816315762113e-6
4.800344435783145,7.498942093324558e-6
4.800344435783145,8.659643233600654e-6
4.800344435783145,1.0e-5
4.800344435783145,1.1547819846894581e-5
4.800344435783145,1.333521432163324e-5
4.800344435783145,1.778279410038923e-5
5.000000000000001,3.162277660168379e-7
5.000000000000001,1.0e-6
5.000000000000001,1.333521432163324e-6
5.000000000000001,1.778279410038923e-6
5.000000000000001,2.3713737056616552e-6
5.000000000000001,3.162277660168379e-6
5.000000000000001,4.216965034285822e-6
5.000000000000001,5.623413251903491e-6
5.000000000000001,7.498942093324558e-6
5.000000000000001,1.0e-5
5.000000000000001,1.333521432163324e-5
5.000000000000001,1.778279410038923e-5
5.000000000000001,3.1622776601683795e-5
5.000000000000001,0.0001
5.000000000000001,0.00031622776601683794
5.000000000000001,0.001
5.000000000000001,0.0031622776601683794
5.000000000000001,0.010000000000000002
5.000000000000001,0.03162277660168379
5.000000000000001,0.1
